;Learning_rate;Momentum;Number_of_hidden_layers;Number_of_nodes_per_layer;Time;accuracies;losses;AVG_loss;AVG_acc
0;0.0001;0.0;3;[16, 32, 64, 10];11.11173152923584;[0.13044999539852142, 0.155883327126503, 0.1860000044107437, 0.22626666724681854];[2.3043415546417236, 2.2825264930725098, 2.261646032333374, 2.238645315170288];2.224761486053467;0.24300000071525574
1;0.0001;0.0;3;[16, 64, 32, 10];9.704140663146973;[0.10141666978597641, 0.11595000326633453, 0.13171666860580444, 0.14656667411327362];[2.3095219135284424, 2.293219804763794, 2.2777864933013916, 2.261352777481079];2.251157522201538;0.15729999542236328
2;0.0001;0.0;3;[32, 16, 64, 10];13.372547388076782;[0.11996666342020035, 0.1667666733264923, 0.19975000619888306, 0.22496666014194489];[2.3013832569122314, 2.286508560180664, 2.2725861072540283, 2.257629871368408];2.248807191848755;0.2329999953508377
3;0.0001;0.0;3;[32, 64, 16, 10];11.964425802230835;[0.11326666921377182, 0.1460999995470047, 0.19460000097751617, 0.24583333730697632];[2.2999165058135986, 2.2791805267333984, 2.260507106781006, 2.2410871982574463];2.2320704460144043;0.26899999380111694
4;0.0001;0.0;3;[64, 16, 32, 10];11.521765232086182;[0.1467999964952469, 0.1912333369255066, 0.22093333303928375, 0.24629999697208405];[2.296823501586914, 2.253997564315796, 2.2157745361328125, 2.175379753112793];2.146611213684082;0.2702000141143799
5;0.0001;0.0;3;[64, 32, 16, 10];11.754558801651001;[0.11203332990407944, 0.14695000648498535, 0.17536666989326477, 0.21248333156108856];[2.3283636569976807, 2.2848381996154785, 2.249171018600464, 2.2124955654144287];2.193100690841675;0.22930000722408295
6;0.0001;0.1;3;[16, 32, 64, 10];9.816622018814087;[0.13465000689029694, 0.17016667127609253, 0.2009333372116089, 0.21494999527931213];[2.300574779510498, 2.2887067794799805, 2.275177001953125, 2.2606091499328613];2.2514657974243164;0.2264000028371811
7;0.0001;0.1;3;[16, 64, 32, 10];10.12211799621582;[0.11309999972581863, 0.13171666860580444, 0.15601666271686554, 0.1875];[2.2927627563476562, 2.2773244380950928, 2.259911298751831, 2.2400119304656982];2.2265751361846924;0.2102999985218048
8;0.0001;0.1;3;[32, 16, 64, 10];11.142390966415405;[0.0713166669011116, 0.09049999713897705, 0.12836666405200958, 0.17820000648498535];[2.3039817810058594, 2.2775614261627197, 2.2535297870635986, 2.2279579639434814];2.213757038116455;0.20489999651908875
9;0.0001;0.1;3;[32, 64, 16, 10];11.983932495117188;[0.12224999815225601, 0.14409999549388885, 0.16813333332538605, 0.19361667335033417];[2.2977445125579834, 2.2700557708740234, 2.244051456451416, 2.2174761295318604];2.196955919265747;0.21389999985694885
10;0.0001;0.1;3;[64, 16, 32, 10];12.761237621307373;[0.1071000024676323, 0.12976667284965515, 0.1591833382844925, 0.19518333673477173];[2.2982895374298096, 2.2806100845336914, 2.263338327407837, 2.2441298961639404];2.229461669921875;0.21709999442100525
11;0.0001;0.1;3;[64, 32, 16, 10];12.035415172576904;[0.1014999970793724, 0.12071666866540909, 0.1419166624546051, 0.1698666661977768];[2.2835259437561035, 2.259917974472046, 2.2357776165008545, 2.2092952728271484];2.1896979808807373;0.20059999823570251
12;0.0001;0.2;3;[16, 32, 64, 10];10.00870394706726;[0.12444999814033508, 0.15166667103767395, 0.18261666595935822, 0.21140000224113464];[2.28951096534729, 2.2772982120513916, 2.263336658477783, 2.246948480606079];2.23510479927063;0.2296999990940094
13;0.0001;0.2;3;[16, 64, 32, 10];9.588648796081543;[0.1733333319425583, 0.21621666848659515, 0.24809999763965607, 0.28110000491142273];[2.2912580966949463, 2.2714710235595703, 2.2519867420196533, 2.2290897369384766];2.2111124992370605;0.301800012588501
14;0.0001;0.2;3;[32, 16, 64, 10];10.561744689941406;[0.09584999829530716, 0.11403333395719528, 0.14946666359901428, 0.19288332760334015];[2.2975432872772217, 2.2802863121032715, 2.262228488922119, 2.239626407623291];2.2240967750549316;0.22030000388622284
15;0.0001;0.2;3;[32, 64, 16, 10];10.537889003753662;[0.13124999403953552, 0.19981667399406433, 0.2575666606426239, 0.29464998841285706];[2.3010971546173096, 2.2467586994171143, 2.2021851539611816, 2.1589038372039795];2.1335623264312744;0.3181999921798706
16;0.0001;0.2;3;[64, 16, 32, 10];11.126944065093994;[0.12823332846164703, 0.1969333291053772, 0.2560499906539917, 0.30375000834465027];[2.288414478302002, 2.2596046924591064, 2.2295382022857666, 2.1953954696655273];2.1699347496032715;0.334199994802475
17;0.0001;0.2;3;[64, 32, 16, 10];11.047330141067505;[0.09264999628067017, 0.1523333340883255, 0.21111667156219482, 0.2589166760444641];[2.3014774322509766, 2.258129596710205, 2.2210230827331543, 2.178896427154541];2.146880626678467;0.2847999930381775
18;0.0001;0.3;3;[16, 32, 64, 10];9.843871593475342;[0.13516665995121002, 0.17614999413490295, 0.21774999797344208, 0.2513333261013031];[2.2732579708099365, 2.2519896030426025, 2.2264926433563232, 2.194317102432251];2.174945116043091;0.2669000029563904
19;0.0001;0.3;3;[16, 64, 32, 10];9.60330843925476;[0.08496666699647903, 0.15613333880901337, 0.22341667115688324, 0.2717333436012268];[2.291128635406494, 2.265855312347412, 2.2397584915161133, 2.2110605239868164];2.1878373622894287;0.3009999990463257
20;0.0001;0.3;3;[32, 16, 64, 10];10.629658937454224;[0.11429999768733978, 0.15565000474452972, 0.2011333405971527, 0.2424333393573761];[2.3066177368164062, 2.292994737625122, 2.2796154022216797, 2.2642438411712646];2.2539970874786377;0.2533999979496002
21;0.0001;0.3;3;[32, 64, 16, 10];11.661530494689941;[0.11313333362340927, 0.15531666576862335, 0.22438333928585052, 0.30044999718666077];[2.281707525253296, 2.2487235069274902, 2.211820125579834, 2.1681792736053467];2.1406233310699463;0.32910001277923584
22;0.0001;0.3;3;[64, 16, 32, 10];12.186954736709595;[0.1298166662454605, 0.1578666716814041, 0.18535000085830688, 0.22378332912921906];[2.301762580871582, 2.2631676197052, 2.2304129600524902, 2.195702314376831];2.1719417572021484;0.24639999866485596
23;0.0001;0.3;3;[64, 32, 16, 10];12.028846979141235;[0.10548333078622818, 0.15029999613761902, 0.1767166703939438, 0.20603333413600922];[2.3204829692840576, 2.2662527561187744, 2.218569040298462, 2.1657474040985107];2.1331982612609863;0.2214999943971634
24;0.0001;0.4;3;[16, 32, 64, 10];9.951192855834961;[0.10188333690166473, 0.11461666971445084, 0.12671667337417603, 0.13566666841506958];[2.3077971935272217, 2.2766222953796387, 2.2547693252563477, 2.230985641479492];2.214846134185791;0.1378999948501587
25;0.0001;0.4;3;[16, 64, 32, 10];10.168014287948608;[0.09085000306367874, 0.14963333308696747, 0.22376666963100433, 0.29323333501815796];[2.3063747882843018, 2.27951717376709, 2.254171371459961, 2.224611759185791];2.2058749198913574;0.3239000141620636
26;0.0001;0.4;3;[32, 16, 64, 10];10.541301250457764;[0.10596666485071182, 0.12293333560228348, 0.14869999885559082, 0.1955166608095169];[2.298992156982422, 2.282261610031128, 2.26301908493042, 2.235797166824341];2.216045379638672;0.22300000488758087
27;0.0001;0.4;3;[32, 64, 16, 10];10.30333662033081;[0.11746666580438614, 0.13379999995231628, 0.16304999589920044, 0.20600000023841858];[2.3070931434631348, 2.277923107147217, 2.24912166595459, 2.216477394104004];2.190530776977539;0.24779999256134033
28;0.0001;0.4;3;[64, 16, 32, 10];10.805862426757812;[0.09533333033323288, 0.12931667268276215, 0.21061666309833527, 0.2604833245277405];[2.3045361042022705, 2.2836804389953613, 2.2568249702453613, 2.2210400104522705];2.1962199211120605;0.27889999747276306
29;0.0001;0.4;3;[64, 32, 16, 10];11.15285062789917;[0.12831667065620422, 0.21141666173934937, 0.30338332056999207, 0.38545000553131104];[2.2820441722869873, 2.2385497093200684, 2.1876673698425293, 2.1227433681488037];2.077899932861328;0.41909998655319214
30;0.0001;0.5;3;[16, 32, 64, 10];9.466025352478027;[0.12354999780654907, 0.20003333687782288, 0.27469998598098755, 0.3327000141143799];[2.291254758834839, 2.2435567378997803, 2.1872620582580566, 2.115933895111084];2.064828395843506;0.357699990272522
31;0.0001;0.5;3;[16, 64, 32, 10];9.575031280517578;[0.1737000048160553, 0.23791666328907013, 0.3167499899864197, 0.36551666259765625];[2.2993340492248535, 2.254143476486206, 2.2091643810272217, 2.152615785598755];2.1123738288879395;0.3912999927997589
32;0.0001;0.5;3;[32, 16, 64, 10];10.435832262039185;[0.10036666691303253, 0.13833333551883698, 0.1864333301782608, 0.24468334019184113];[2.311061382293701, 2.2787134647369385, 2.254462242126465, 2.2244863510131836];2.205378770828247;0.2904999852180481
33;0.0001;0.5;3;[32, 64, 16, 10];9.866875886917114;[0.09385000169277191, 0.10944999754428864, 0.16066665947437286, 0.24676667153835297];[2.294193983078003, 2.2269883155822754, 2.153754472732544, 2.064673900604248];2.004873275756836;0.2831999957561493
34;0.0001;0.5;3;[64, 16, 32, 10];10.248230457305908;[0.12638333439826965, 0.20364999771118164, 0.21613332629203796, 0.219283327460289];[2.3095057010650635, 2.274405002593994, 2.2442145347595215, 2.2083566188812256];2.1830687522888184;0.22259999811649323
35;0.0001;0.5;3;[64, 32, 16, 10];10.353087663650513;[0.11631666868925095, 0.1881999969482422, 0.24558334052562714, 0.29463332891464233];[2.28910231590271, 2.248337984085083, 2.190826654434204, 2.120267868041992];2.079535722732544;0.3292999863624573
36;0.0001;0.6;3;[16, 32, 64, 10];9.095162630081177;[0.11596667021512985, 0.1847500056028366, 0.25653332471847534, 0.3069666624069214];[2.3033039569854736, 2.2725589275360107, 2.23097562789917, 2.1678318977355957];2.1207406520843506;0.3183000087738037
37;0.0001;0.6;3;[16, 64, 32, 10];8.960860013961792;[0.13231666386127472, 0.19726666808128357, 0.2683166563510895, 0.32641667127609253];[2.288252115249634, 2.258788824081421, 2.2165844440460205, 2.1558279991149902];2.1150496006011963;0.35040000081062317
38;0.0001;0.6;3;[32, 16, 64, 10];9.464866399765015;[0.1412999927997589, 0.28200000524520874, 0.38464999198913574, 0.460750013589859];[2.2873284816741943, 2.223011016845703, 2.1362783908843994, 2.0080082416534424];1.9157812595367432;0.4952000081539154
39;0.0001;0.6;3;[32, 64, 16, 10];9.457505464553833;[0.14329999685287476, 0.25995001196861267, 0.31716665625572205, 0.412200003862381];[2.267181396484375, 2.150299310684204, 1.9916954040527344, 1.8149040937423706];1.7178304195404053;0.47130000591278076
40;0.0001;0.6;3;[64, 16, 32, 10];10.00357985496521;[0.15743333101272583, 0.20953333377838135, 0.24944999814033508, 0.2749166786670685];[2.275315284729004, 2.2216124534606934, 2.1646053791046143, 2.098942518234253];2.0619707107543945;0.29319998621940613
41;0.0001;0.6;3;[64, 32, 16, 10];10.08833932876587;[0.11124999821186066, 0.19668333232402802, 0.2777000069618225, 0.3368000090122223];[2.278775215148926, 2.2179927825927734, 2.1469674110412598, 2.060041666030884];2.00154972076416;0.3617999851703644
42;0.0001;0.7;3;[16, 32, 64, 10];8.746098041534424;[0.1446000039577484, 0.1998666673898697, 0.24605000019073486, 0.2819499969482422];[2.3065173625946045, 2.268171787261963, 2.2114579677581787, 2.1139261722564697];2.0411453247070312;0.31119999289512634
43;0.0001;0.7;3;[16, 64, 32, 10];8.930253505706787;[0.16588333249092102, 0.3044833242893219, 0.4353666603565216, 0.5374166369438171];[2.268859624862671, 2.199108839035034, 2.0754106044769287, 1.8593450784683228];1.7251861095428467;0.569100022315979
44;0.0001;0.7;3;[32, 16, 64, 10];10.646905422210693;[0.13269999623298645, 0.21176666021347046, 0.2711000144481659, 0.3461333215236664];[2.290262460708618, 2.2408647537231445, 2.165773391723633, 2.0631303787231445];2.0043773651123047;0.3919000029563904
45;0.0001;0.7;3;[32, 64, 16, 10];10.388592004776001;[0.17225000262260437, 0.26018333435058594, 0.3217833340167999, 0.4267333447933197];[2.252385139465332, 2.1368730068206787, 1.9828193187713623, 1.7973016500473022];1.6897125244140625;0.4828000068664551
46;0.0001;0.7;3;[64, 16, 32, 10];11.01146149635315;[0.13641667366027832, 0.25995001196861267, 0.3338833451271057, 0.4067166745662689];[2.2507998943328857, 2.135453462600708, 1.9836597442626953, 1.8028194904327393];1.6939789056777954;0.4462999999523163
47;0.0001;0.7;3;[64, 32, 16, 10];11.265215158462524;[0.15868332982063293, 0.2750999927520752, 0.37531667947769165, 0.5110333561897278];[2.263200521469116, 2.105177402496338, 1.8841333389282227, 1.622645616531372];1.484005331993103;0.5600000023841858
48;0.0001;0.8;3;[16, 32, 64, 10];9.984378099441528;[0.10843333601951599, 0.2070000022649765, 0.37111666798591614, 0.5348833203315735];[2.2763731479644775, 2.1815972328186035, 2.0082900524139404, 1.72003173828125];1.5239341259002686;0.6028000116348267
49;0.0001;0.8;3;[16, 64, 32, 10];9.009758234024048;[0.15016666054725647, 0.2072666734457016, 0.2864333391189575, 0.40584999322891235];[2.286396026611328, 2.236971139907837, 2.129230260848999, 1.9452481269836426];1.8221925497055054;0.46320000290870667
50;0.0001;0.8;3;[32, 16, 64, 10];10.089842319488525;[0.16224999725818634, 0.3246166706085205, 0.4312666654586792, 0.5819833278656006];[2.2653703689575195, 2.1356589794158936, 1.9091447591781616, 1.5531063079833984];1.3076324462890625;0.6708999872207642
51;0.0001;0.8;3;[32, 64, 16, 10];10.259848356246948;[0.2227666676044464, 0.3416000008583069, 0.46548333764076233, 0.5535666942596436];[2.2608301639556885, 2.1309974193573, 1.89840829372406, 1.5580304861068726];1.3737765550613403;0.6154999732971191
52;0.0001;0.8;3;[64, 16, 32, 10];10.546514987945557;[0.15566666424274445, 0.3449166715145111, 0.45115000009536743, 0.5181999802589417];[2.2388241291046143, 2.096917152404785, 1.8796554803848267, 1.596756100654602];1.4393255710601807;0.5629000067710876
53;0.0001;0.8;3;[64, 32, 16, 10];10.512558698654175;[0.16058333218097687, 0.3578166663646698, 0.4877333343029022, 0.5969833135604858];[2.2250592708587646, 1.9956270456314087, 1.7287753820419312, 1.4481724500656128];1.2815210819244385;0.669700026512146
54;0.0001;0.9;3;[16, 32, 64, 10];8.47585940361023;[0.2810499966144562, 0.6244000196456909, 0.7623833417892456, 0.8131499886512756];[2.134071111679077, 1.4184763431549072, 0.8745982050895691, 0.667696475982666];0.5876829028129578;0.8346999883651733
55;0.0001;0.9;3;[16, 64, 32, 10];8.879853248596191;[0.1966666728258133, 0.3739166557788849, 0.6434833407402039, 0.7142000198364258];[2.239272356033325, 1.884503722190857, 1.2652729749679565, 0.9174660444259644];0.805751383304596;0.7462000250816345
56;0.0001;0.9;3;[32, 16, 64, 10];10.083636283874512;[0.2117999941110611, 0.499916672706604, 0.6840833425521851, 0.772516667842865];[2.2026045322418213, 1.7035764455795288, 1.088779330253601, 0.7719563245773315];0.6581308245658875;0.8065000176429749
57;0.0001;0.9;3;[32, 64, 16, 10];10.15576457977295;[0.16156665980815887, 0.4031499922275543, 0.6503999829292297, 0.7924833297729492];[2.2256226539611816, 1.8486579656600952, 1.304810643196106, 0.8456479907035828];0.6953627467155457;0.8159999847412109
58;0.0001;0.9;3;[64, 16, 32, 10];10.36670994758606;[0.3120666742324829, 0.4935166537761688, 0.7098666429519653, 0.8034999966621399];[2.16216778755188, 1.6489588022232056, 1.04441499710083, 0.7085376977920532];0.5925136208534241;0.8353999853134155
59;0.0001;0.9;3;[64, 32, 16, 10];10.523766040802002;[0.19928333163261414, 0.3976166546344757, 0.6236166954040527, 0.7717999815940857];[2.2167646884918213, 1.8487502336502075, 1.2599711418151855, 0.8310618996620178];0.6886857748031616;0.8008000254631042
60;0.001;0.0;3;[16, 32, 64, 10];10.557079076766968;[0.2361166626214981, 0.3747499883174896, 0.557533323764801, 0.7020333409309387];[2.239077091217041, 1.9710710048675537, 1.411341905593872, 0.9667108058929443];0.8283446431159973;0.7462000250816345
61;0.001;0.0;3;[16, 64, 32, 10];9.260039567947388;[0.2406499981880188, 0.5139666795730591, 0.7135833501815796, 0.809416651725769];[2.2060513496398926, 1.7090548276901245, 1.0478696823120117, 0.6992363929748535];0.5970969200134277;0.8345999717712402
62;0.001;0.0;3;[32, 16, 64, 10];8.895875453948975;[0.1976500004529953, 0.43051666021347046, 0.6564666628837585, 0.753849983215332];[2.2399256229400635, 1.8341341018676758, 1.2199945449829102, 0.8790039420127869];0.7544389367103577;0.7883999943733215
63;0.001;0.0;3;[32, 64, 16, 10];9.506608963012695;[0.203533336520195, 0.5405333042144775, 0.7244666814804077, 0.7968999743461609];[2.194749116897583, 1.7362432479858398, 1.1160894632339478, 0.7583553791046143];0.6418235301971436;0.8281000256538391
64;0.001;0.0;3;[64, 16, 32, 10];10.795902967453003;[0.20586666464805603, 0.5415666699409485, 0.7456833124160767, 0.810699999332428];[2.1771392822265625, 1.652274489402771, 0.9938294291496277, 0.68522047996521];0.5815533399581909;0.8331000208854675
65;0.001;0.0;3;[64, 32, 16, 10];11.301480531692505;[0.3033333420753479, 0.4832499921321869, 0.6958000063896179, 0.7921833395957947];[2.1477832794189453, 1.6370584964752197, 1.042298674583435, 0.7262118458747864];0.6173765063285828;0.8256000280380249
66;0.001;0.1;3;[16, 32, 64, 10];10.209672451019287;[0.20696666836738586, 0.3674333393573761, 0.6170666813850403, 0.738016664981842];[2.2258901596069336, 1.8896019458770752, 1.3230992555618286, 0.9317583441734314];0.7801194787025452;0.7775999903678894
67;0.001;0.1;3;[16, 64, 32, 10];8.66348671913147;[0.19991666078567505, 0.5090833306312561, 0.7277500033378601, 0.80076664686203];[2.1889376640319824, 1.6784857511520386, 1.0075032711029053, 0.6850214600563049];0.5856439471244812;0.8299999833106995
68;0.001;0.1;3;[32, 16, 64, 10];9.378922462463379;[0.27906665205955505, 0.5114833116531372, 0.7145666480064392, 0.7906500101089478];[2.184741497039795, 1.6445133686065674, 0.9834828972816467, 0.7113004326820374];0.6195072531700134;0.8206999897956848
69;0.001;0.1;3;[32, 64, 16, 10];11.126335620880127;[0.27113333344459534, 0.5596166849136353, 0.7406166791915894, 0.814216673374176];[2.120898485183716, 1.4596357345581055, 0.9038227796554565, 0.6555125117301941];0.5546004772186279;0.8440999984741211
70;0.001;0.1;3;[64, 16, 32, 10];11.845991849899292;[0.27913331985473633, 0.6013333201408386, 0.7552666664123535, 0.8174333572387695];[2.079038143157959, 1.3976713418960571, 0.863994836807251, 0.636946439743042];0.552262008190155;0.8453999757766724
71;0.001;0.1;3;[64, 32, 16, 10];11.837716817855835;[0.40398332476615906, 0.692966639995575, 0.8019333481788635, 0.8427000045776367];[1.9526033401489258, 1.1433939933776855, 0.7285575270652771, 0.5696850419044495];0.4994972050189972;0.8654999732971191
72;0.001;0.2;3;[16, 32, 64, 10];9.268977880477905;[0.2755500078201294, 0.5814333558082581, 0.7729499936103821, 0.8287166953086853];[2.219867467880249, 1.676881194114685, 0.9158081412315369, 0.6186132431030273];0.5387588739395142;0.8500000238418579
73;0.001;0.2;3;[16, 64, 32, 10];9.70315170288086;[0.17123332619667053, 0.48253333568573, 0.6944166421890259, 0.7604333162307739];[2.235464096069336, 1.7883344888687134, 1.09452486038208, 0.7717779278755188];0.6564612984657288;0.8008999824523926
74;0.001;0.2;3;[32, 16, 64, 10];9.965481042861938;[0.3440000116825104, 0.6379166841506958, 0.7869666814804077, 0.8371999859809875];[2.131349802017212, 1.3871591091156006, 0.7740848660469055, 0.5681912302970886];0.5025655031204224;0.8560000061988831
75;0.001;0.2;3;[32, 64, 16, 10];9.901983499526978;[0.3421666622161865, 0.6304000020027161, 0.7830333113670349, 0.832966685295105];[2.051215648651123, 1.3002920150756836, 0.780343770980835, 0.5891372561454773];0.5144492387771606;0.8543999791145325
76;0.001;0.2;3;[64, 16, 32, 10];11.929614543914795;[0.2641666531562805, 0.5297666788101196, 0.7484666705131531, 0.8035333156585693];[2.1656644344329834, 1.6155542135238647, 0.9654962420463562, 0.683782696723938];0.6023582220077515;0.8295000195503235
77;0.001;0.2;3;[64, 32, 16, 10];12.279675006866455;[0.26161667704582214, 0.5863833427429199, 0.7517499923706055, 0.8202833533287048];[2.170823812484741, 1.511908769607544, 0.8697811961174011, 0.6162635684013367];0.5378320217132568;0.8468000292778015
78;0.001;0.3;3;[16, 32, 64, 10];10.557554960250854;[0.23839999735355377, 0.6402000188827515, 0.8044666647911072, 0.8443666696548462];[2.1606948375701904, 1.3729747533798218, 0.7044413685798645, 0.530373752117157];0.4726717174053192;0.8579999804496765
79;0.001;0.3;3;[16, 64, 32, 10];9.617020606994629;[0.3614666759967804, 0.6651166677474976, 0.7903833389282227, 0.8471333384513855];[2.0986745357513428, 1.2039955854415894, 0.7217075228691101, 0.5478425621986389];0.48051202297210693;0.8658999800682068
80;0.001;0.3;3;[32, 16, 64, 10];10.017454862594604;[0.19771666824817657, 0.6351666450500488, 0.7893000245094299, 0.8362833261489868];[2.1587839126586914, 1.3980917930603027, 0.7581923007965088, 0.5696874856948853];0.49828100204467773;0.8585000038146973
81;0.001;0.3;3;[32, 64, 16, 10];10.671140432357788;[0.3113333284854889, 0.6040499806404114, 0.7991166710853577, 0.8423500061035156];[2.0829994678497314, 1.3470481634140015, 0.7477031350135803, 0.5601270198822021];0.4790307581424713;0.8611999750137329
82;0.001;0.3;3;[64, 16, 32, 10];10.85683536529541;[0.29600000381469727, 0.6195999979972839, 0.7782999873161316, 0.8222666382789612];[2.0248491764068604, 1.2368746995925903, 0.7713136672973633, 0.6170054078102112];0.5504467487335205;0.8429999947547913
83;0.001;0.3;3;[64, 32, 16, 10];10.70182490348816;[0.33434998989105225, 0.6564833521842957, 0.8112166523933411, 0.8546500205993652];[2.0117952823638916, 1.2281343936920166, 0.6954067349433899, 0.5147711038589478];0.4414668381214142;0.8776000142097473
84;0.001;0.4;3;[16, 32, 64, 10];9.626805067062378;[0.259550005197525, 0.6006500124931335, 0.7702333331108093, 0.8337666392326355];[2.1444079875946045, 1.419169545173645, 0.7768562436103821, 0.5697391033172607];0.49286341667175293;0.8551999926567078
85;0.001;0.4;3;[16, 64, 32, 10];9.28008246421814;[0.2619166672229767, 0.5782166719436646, 0.7631666660308838, 0.8263000249862671];[2.1692659854888916, 1.4741811752319336, 0.810775876045227, 0.5954108834266663];0.5194225907325745;0.8463000059127808
86;0.001;0.4;3;[32, 16, 64, 10];9.786027431488037;[0.3556833267211914, 0.7077833414077759, 0.8312666416168213, 0.8679166436195374];[2.155021905899048, 1.2029403448104858, 0.6137252449989319, 0.46757078170776367];0.4139291048049927;0.8802000284194946
87;0.001;0.4;3;[32, 64, 16, 10];10.830442905426025;[0.2635166645050049, 0.6814333200454712, 0.8159999847412109, 0.8533833622932434];[2.1583192348480225, 1.2648829221725464, 0.6683239936828613, 0.508960485458374];0.4496482014656067;0.8711000084877014
88;0.001;0.4;3;[64, 16, 32, 10];11.274665832519531;[0.3532666563987732, 0.7313666939735413, 0.8192833065986633, 0.861133337020874];[1.967004418373108, 1.0228368043899536, 0.6391370296478271, 0.493298202753067];0.43066176772117615;0.880299985408783
89;0.001;0.4;3;[64, 32, 16, 10];12.168620824813843;[0.3149833381175995, 0.6994333267211914, 0.8226833343505859, 0.8607833385467529];[1.9881798028945923, 1.1625244617462158, 0.6537858843803406, 0.4972465932369232];0.4380372166633606;0.8762000203132629
90;0.001;0.5;3;[16, 32, 64, 10];9.700640678405762;[0.4153166711330414, 0.7838333249092102, 0.8521000146865845, 0.8752333521842957];[1.9241857528686523, 0.7931293249130249, 0.5118542909622192, 0.4321247339248657];0.3918496370315552;0.8812000155448914
91;0.001;0.5;3;[16, 64, 32, 10];9.50674843788147;[0.24265000224113464, 0.6003333330154419, 0.7985333204269409, 0.8543999791145325];[2.182997226715088, 1.3473650217056274, 0.7056195735931396, 0.5066187977790833];0.4456045925617218;0.8680999875068665
92;0.001;0.5;3;[32, 16, 64, 10];9.650232076644897;[0.35899999737739563, 0.7589499950408936, 0.848966658115387, 0.8753166794776917];[2.0035393238067627, 0.9639462828636169, 0.5453702211380005, 0.4397960305213928];0.3904997706413269;0.8881999850273132
93;0.001;0.5;3;[32, 64, 16, 10];11.121810913085938;[0.3658166527748108, 0.7434499859809875, 0.8497499823570251, 0.8766833543777466];[1.857165813446045, 0.8724752068519592, 0.5341421365737915, 0.4323733448982239];0.3893657326698303;0.8848999738693237
94;0.001;0.5;3;[64, 16, 32, 10];11.660135746002197;[0.32778334617614746, 0.7207333445549011, 0.8252500295639038, 0.8664666414260864];[1.9863040447235107, 1.008844256401062, 0.6130619049072266, 0.46953636407852173];0.4057368040084839;0.8883000016212463
95;0.001;0.5;3;[64, 32, 16, 10];11.717610597610474;[0.3334999978542328, 0.734416663646698, 0.845300018787384, 0.874750018119812];[1.9540683031082153, 0.9694099426269531, 0.548961341381073, 0.4344682991504669];0.385544091463089;0.8845999836921692
96;0.001;0.6;3;[16, 32, 64, 10];10.32292652130127;[0.40389999747276306, 0.7964833378791809, 0.8629833459854126, 0.8831833600997925];[1.7940267324447632, 0.7257848978042603, 0.4851796627044678, 0.4123252034187317];0.37787139415740967;0.8913999795913696
97;0.001;0.6;3;[16, 64, 32, 10];9.909345388412476;[0.44173333048820496, 0.7696666717529297, 0.843500018119812, 0.8736166954040527];[1.814735770225525, 0.7793623208999634, 0.5287893414497375, 0.43195027112960815];0.386944055557251;0.8863999843597412
98;0.001;0.6;3;[32, 16, 64, 10];12.416695356369019;[0.4315333366394043, 0.8087000250816345, 0.869866669178009, 0.8901500105857849];[1.804903507232666, 0.7136611342430115, 0.4601266384124756, 0.3853224217891693];0.3509550392627716;0.8985000252723694
99;0.001;0.6;3;[32, 64, 16, 10];14.133028745651245;[0.45908331871032715, 0.824566662311554, 0.8814666867256165, 0.8987166881561279];[1.7511086463928223, 0.6635671257972717, 0.4343951642513275, 0.3622686564922333];0.33512893319129944;0.9041000008583069
100;0.001;0.6;3;[64, 16, 32, 10];15.152866840362549;[0.29313334822654724, 0.783050000667572, 0.8625500202178955, 0.887066662311554];[1.9761669635772705, 0.8621920347213745, 0.4933687746524811, 0.3976157605648041];0.36134353280067444;0.8967999815940857
101;0.001;0.6;3;[64, 32, 16, 10];14.978790760040283;[0.5454999804496765, 0.8439333438873291, 0.8844666481018066, 0.9014333486557007];[1.5332342386245728, 0.5697357654571533, 0.4047214090824127, 0.34318026900291443];0.3098064661026001;0.9104999899864197
102;0.001;0.7;3;[16, 32, 64, 10];12.299584150314331;[0.4761333465576172, 0.841533362865448, 0.8794999718666077, 0.8965666890144348];[1.6545478105545044, 0.5837475061416626, 0.4264185130596161, 0.36626607179641724];0.33325427770614624;0.9036999940872192
103;0.001;0.7;3;[16, 64, 32, 10];12.20268988609314;[0.4150499999523163, 0.7448999881744385, 0.8508666753768921, 0.8864166736602783];[1.7968778610229492, 0.8039782047271729, 0.5136414766311646, 0.3902336061000824];0.34573501348495483;0.8988999724388123
104;0.001;0.7;3;[32, 16, 64, 10];13.458702325820923;[0.44815000891685486, 0.8261333107948303, 0.8823833465576172, 0.8982999920845032];[1.719767451286316, 0.6196532845497131, 0.41198745369911194, 0.3533467650413513];0.31788912415504456;0.9071000218391418
105;0.001;0.7;3;[32, 64, 16, 10];14.030216217041016;[0.48794999718666077, 0.8412833213806152, 0.8877000212669373, 0.9036333560943604];[1.5293223857879639, 0.556464672088623, 0.39445170760154724, 0.3368360996246338];0.31177952885627747;0.9099000096321106
106;0.001;0.7;3;[64, 16, 32, 10];14.359827518463135;[0.5431833267211914, 0.8493333458900452, 0.8876833319664001, 0.9026166796684265];[1.483282446861267, 0.5348491072654724, 0.3927735388278961, 0.3400793969631195];0.3137001693248749;0.9090999960899353
107;0.001;0.7;3;[64, 32, 16, 10];14.768540620803833;[0.504016637802124, 0.8355500102043152, 0.8839666843414307, 0.9031166434288025];[1.5893597602844238, 0.6058737635612488, 0.4225315451622009, 0.34719207882881165];0.31117695569992065;0.9114000201225281
108;0.001;0.8;3;[16, 32, 64, 10];12.026100635528564;[0.5372499823570251, 0.8344833254814148, 0.8877500295639038, 0.9050166606903076];[1.419820785522461, 0.5542563199996948, 0.3870318830013275, 0.3280172646045685];0.2947749197483063;0.9140999913215637
109;0.001;0.8;3;[16, 64, 32, 10];12.528787612915039;[0.5511500239372253, 0.8658666610717773, 0.8953666687011719, 0.9090499877929688];[1.427251935005188, 0.46790677309036255, 0.3590901494026184, 0.31378045678138733];0.29746150970458984;0.9106000065803528
110;0.001;0.8;3;[32, 16, 64, 10];12.407631158828735;[0.5756666660308838, 0.8678666949272156, 0.8967333436012268, 0.9086833596229553];[1.366760492324829, 0.45440155267715454, 0.3552241921424866, 0.31165793538093567];0.2814840078353882;0.9160000085830688
111;0.001;0.8;3;[32, 64, 16, 10];11.650962352752686;[0.5710499882698059, 0.8557000160217285, 0.8969166874885559, 0.9147999882698059];[1.3697359561920166, 0.5002909302711487, 0.36461061239242554, 0.29868021607398987];0.2630191147327423;0.9239000082015991
112;0.001;0.8;3;[64, 16, 32, 10];12.170732975006104;[0.5945000052452087, 0.8883000016212463, 0.9125999808311462, 0.9239833354949951];[1.325720191001892, 0.3935716152191162, 0.3029279410839081, 0.2611815929412842];0.23239192366600037;0.9315999746322632
113;0.001;0.8;3;[64, 32, 16, 10];12.159241199493408;[0.7087166905403137, 0.8883833289146423, 0.9131666421890259, 0.923966646194458];[1.0062777996063232, 0.403606653213501, 0.3093976378440857, 0.26586034893989563];0.24457432329654694;0.9294999837875366
114;0.001;0.9;3;[16, 32, 64, 10];11.07266354560852;[0.7071499824523926, 0.8970000147819519, 0.9136166572570801, 0.9235833287239075];[0.9422796964645386, 0.35496896505355835, 0.29429909586906433, 0.25842222571372986];0.24194099009037018;0.9283999800682068
115;0.001;0.9;3;[16, 64, 32, 10];11.335384607315063;[0.681683361530304, 0.8999666571617126, 0.9207666516304016, 0.928766667842865];[1.0303653478622437, 0.34751245379447937, 0.2770260274410248, 0.24409736692905426];0.23396117985248566;0.9305999875068665
116;0.001;0.9;3;[32, 16, 64, 10];12.7008535861969;[0.734666645526886, 0.9014333486557007, 0.9193166494369507, 0.932366669178009];[0.8522266745567322, 0.33671650290489197, 0.27151164412498474, 0.23125889897346497];0.21332138776779175;0.9387000203132629
117;0.001;0.9;3;[32, 64, 16, 10];12.212404251098633;[0.6852333545684814, 0.8949166536331177, 0.918066680431366, 0.9320166707038879];[0.9953346252441406, 0.36459922790527344, 0.2811013162136078, 0.23435114324092865];0.2263740748167038;0.9337999820709229
118;0.001;0.9;3;[64, 16, 32, 10];12.479589462280273;[0.7667333483695984, 0.9084500074386597, 0.9268333315849304, 0.9387500286102295];[0.7685104608535767, 0.31321021914482117, 0.25092220306396484, 0.21047057211399078];0.1932908594608307;0.9415000081062317
119;0.001;0.9;3;[64, 32, 16, 10];12.318090438842773;[0.7232999801635742, 0.9016000032424927, 0.9233499765396118, 0.9362166523933411];[0.9053581357002258, 0.3362129032611847, 0.26210489869117737, 0.21767111122608185];0.19078674912452698;0.9434999823570251
120;0.01;0.0;3;[16, 32, 64, 10];10.133925676345825;[0.7309666872024536, 0.8946333527565002, 0.9101166725158691, 0.9203500151634216];[0.8660322427749634, 0.35866662859916687, 0.3058840036392212, 0.2697724997997284];0.250613808631897;0.9247999787330627
121;0.01;0.0;3;[16, 64, 32, 10];10.398431539535522;[0.7093999981880188, 0.8933500051498413, 0.9121500253677368, 0.9232333302497864];[0.9338324069976807, 0.36515650153160095, 0.302456796169281, 0.2617115080356598];0.2387458235025406;0.9301000237464905
122;0.01;0.0;3;[32, 16, 64, 10];11.201214075088501;[0.704633355140686, 0.8976333141326904, 0.9134166836738586, 0.9231166839599609];[0.937620222568512, 0.3523029685020447, 0.29540932178497314, 0.2618260383605957];0.24590693414211273;0.9254999756813049
123;0.01;0.0;3;[32, 64, 16, 10];11.57898497581482;[0.7217166423797607, 0.9091500043869019, 0.9275833368301392, 0.9386333227157593];[0.9316526651382446, 0.3177236318588257, 0.24903623759746552, 0.21128493547439575];0.20471180975437164;0.940500020980835
124;0.01;0.0;3;[64, 16, 32, 10];11.478161811828613;[0.7332500219345093, 0.9071000218391418, 0.927483320236206, 0.9405999779701233];[0.8763368725776672, 0.31583961844444275, 0.24600282311439514, 0.2058195024728775];0.18801239132881165;0.9448000192642212
125;0.01;0.0;3;[64, 32, 16, 10];11.82060432434082;[0.7759833335876465, 0.9155166745185852, 0.9337833523750305, 0.9452333450317383];[0.7660728693008423, 0.2912709712982178, 0.22572168707847595, 0.18689574301242828];0.1750648021697998;0.9465000033378601
126;0.01;0.1;3;[16, 32, 64, 10];10.74219274520874;[0.7332666516304016, 0.9038666486740112, 0.9201499819755554, 0.9291666746139526];[0.8684552907943726, 0.3261418640613556, 0.27119964361190796, 0.23964591324329376];0.22010989487171173;0.9362999796867371
127;0.01;0.1;3;[16, 64, 32, 10];10.7704017162323;[0.7185166478157043, 0.8969833254814148, 0.9142000079154968, 0.9242500066757202];[0.9145734906196594, 0.35604771971702576, 0.2943480610847473, 0.2566172182559967];0.2382763922214508;0.9284999966621399
128;0.01;0.1;3;[32, 16, 64, 10];11.118237733840942;[0.7501000165939331, 0.9042666554450989, 0.9242500066757202, 0.9342166781425476];[0.8260893821716309, 0.32523486018180847, 0.25768229365348816, 0.22142784297466278];0.1944016069173813;0.9412000179290771
129;0.01;0.1;3;[32, 64, 16, 10];10.930467367172241;[0.7294166684150696, 0.9036333560943604, 0.9255666732788086, 0.9350333213806152];[0.8623818159103394, 0.32990172505378723, 0.2592553496360779, 0.2220970094203949];0.20531362295150757;0.9383000135421753
130;0.01;0.1;3;[64, 16, 32, 10];11.220275163650513;[0.7722166776657104, 0.9117833375930786, 0.9305499792098999, 0.9422500133514404];[0.7720712423324585, 0.30383074283599854, 0.23979242146015167, 0.1995030790567398];0.1887863278388977;0.9452000260353088
131;0.01;0.1;3;[64, 32, 16, 10];10.747537612915039;[0.7402333617210388, 0.9069833159446716, 0.9306833148002625, 0.9422500133514404];[0.8534938097000122, 0.3250443637371063, 0.2459949254989624, 0.20060326159000397];0.19090519845485687;0.9451000094413757
132;0.01;0.2;3;[16, 32, 64, 10];9.364938974380493;[0.6893333196640015, 0.9017000198364258, 0.9224500060081482, 0.9313666820526123];[0.9527290463447571, 0.3385483920574188, 0.27265340089797974, 0.2386448085308075];0.22636716067790985;0.9315999746322632
133;0.01;0.2;3;[16, 64, 32, 10];10.466880798339844;[0.7592333555221558, 0.9067166447639465, 0.9210166931152344, 0.9310166835784912];[0.8078751564025879, 0.32283666729927063, 0.2712794542312622, 0.2383722960948944];0.22527092695236206;0.9340000152587891
134;0.01;0.2;3;[32, 16, 64, 10];11.331348419189453;[0.7710333466529846, 0.906499981880188, 0.9226999878883362, 0.9346500039100647];[0.7607921361923218, 0.32056725025177, 0.2604914605617523, 0.2209053486585617];0.20115740597248077;0.9401999711990356
135;0.01;0.2;3;[32, 64, 16, 10];11.389957189559937;[0.7337166666984558, 0.9093666672706604, 0.9284499883651733, 0.9392833113670349];[0.840671718120575, 0.3137795031070709, 0.24731557071208954, 0.2073388546705246];0.1997232735157013;0.9415000081062317
136;0.01;0.2;3;[64, 16, 32, 10];12.044876098632812;[0.7558500170707703, 0.9054166674613953, 0.9269333481788635, 0.9401833415031433];[0.7875159382820129, 0.3207174837589264, 0.24842597544193268, 0.20342999696731567];0.19349275529384613;0.9404000043869019
137;0.01;0.2;3;[64, 32, 16, 10];12.35509181022644;[0.8087499737739563, 0.9208666682243347, 0.9391499757766724, 0.9494333267211914];[0.6699190735816956, 0.27159610390663147, 0.20881076157093048, 0.1721312701702118];0.1589820832014084;0.9532999992370605
138;0.01;0.3;3;[16, 32, 64, 10];10.057119607925415;[0.7642333507537842, 0.9089333415031433, 0.9242166876792908, 0.9336166381835938];[0.7620859146118164, 0.31171345710754395, 0.25753065943717957, 0.2264328896999359];0.20577669143676758;0.9399999976158142
139;0.01;0.3;3;[16, 64, 32, 10];9.664102792739868;[0.7860999703407288, 0.9070500135421753, 0.9222666621208191, 0.9323833584785461];[0.7274714112281799, 0.31803417205810547, 0.26116418838500977, 0.22974558174610138];0.20546954870224;0.9387999773025513
140;0.01;0.3;3;[32, 16, 64, 10];10.807543277740479;[0.7737500071525574, 0.9184333086013794, 0.9369666576385498, 0.9472000002861023];[0.7216000556945801, 0.27777618169784546, 0.2128262221813202, 0.1786409318447113];0.17666906118392944;0.9449999928474426
141;0.01;0.3;3;[32, 64, 16, 10];9.93815016746521;[0.779116690158844, 0.918066680431366, 0.9347166419029236, 0.9455333352088928];[0.7240809202194214, 0.2794020473957062, 0.21948722004890442, 0.18483707308769226];0.17372258007526398;0.9488999843597412
142;0.01;0.3;3;[64, 16, 32, 10];13.246994256973267;[0.7781166434288025, 0.9209666848182678, 0.938966691493988, 0.9508833289146423];[0.7285958528518677, 0.27202391624450684, 0.20760299265384674, 0.17037665843963623];0.16184090077877045;0.9521999955177307
143;0.01;0.3;3;[64, 32, 16, 10];12.27891755104065;[0.7807666659355164, 0.9198833107948303, 0.9416999816894531, 0.9514999985694885];[0.7231519818305969, 0.27344951033592224, 0.20020343363285065, 0.16257791221141815];0.1657983958721161;0.9506999850273132
144;0.01;0.4;3;[16, 32, 64, 10];11.10194993019104;[0.7909833192825317, 0.9127166867256165, 0.9251999855041504, 0.9334166646003723];[0.6979612708091736, 0.2976299226284027, 0.2527887225151062, 0.22402065992355347];0.2071327567100525;0.9398999810218811
145;0.01;0.4;3;[16, 64, 32, 10];10.614647388458252;[0.7821666598320007, 0.9126333594322205, 0.9284666776657104, 0.9369000196456909];[0.7048417925834656, 0.2950380742549896, 0.24150410294532776, 0.2113131284713745];0.19725748896598816;0.9402999877929688
146;0.01;0.4;3;[32, 16, 64, 10];11.415959596633911;[0.7640500068664551, 0.9120500087738037, 0.9299166798591614, 0.9417333602905273];[0.7417975068092346, 0.2959590256214142, 0.23307166993618011, 0.197573721408844];0.19380582869052887;0.9419999718666077
147;0.01;0.4;3;[32, 64, 16, 10];10.185739994049072;[0.8054999709129333, 0.9218166470527649, 0.9379333257675171, 0.9480500221252441];[0.657407283782959, 0.26935020089149475, 0.2130986452102661, 0.17992818355560303];0.1612289845943451;0.9538000226020813
148;0.01;0.4;3;[64, 16, 32, 10];12.600578784942627;[0.8138999938964844, 0.9290833473205566, 0.9461333155632019, 0.9544000029563904];[0.6266565322875977, 0.24319790303707123, 0.1876346915960312, 0.15509368479251862];0.16000500321388245;0.9527999758720398
149;0.01;0.4;3;[64, 32, 16, 10];11.072701215744019;[0.7824666500091553, 0.9240000247955322, 0.9438666701316833, 0.9540166854858398];[0.7065047025680542, 0.2614152133464813, 0.1931709200143814, 0.15715381503105164];0.1486707329750061;0.9541000127792358
150;0.01;0.5;3;[16, 32, 64, 10];8.99906039237976;[0.797950029373169, 0.9144666790962219, 0.9312833547592163, 0.9412000179290771];[0.6589847207069397, 0.2897399365901947, 0.23220294713974, 0.19696131348609924];0.18232125043869019;0.9438999891281128
151;0.01;0.5;3;[16, 64, 32, 10];9.768808841705322;[0.7982500195503235, 0.9204666614532471, 0.9349333047866821, 0.9446499943733215];[0.6481579542160034, 0.27126455307006836, 0.220569908618927, 0.1914922595024109];0.18526989221572876;0.9455000162124634
152;0.01;0.5;3;[32, 16, 64, 10];10.129751920700073;[0.8147000074386597, 0.9257833361625671, 0.9423999786376953, 0.9508166909217834];[0.613750696182251, 0.2555924952030182, 0.1973048597574234, 0.16586215794086456];0.1588239222764969;0.9502000212669373
153;0.01;0.5;3;[32, 64, 16, 10];10.184319019317627;[0.7907666563987732, 0.9276999831199646, 0.9446499943733215, 0.9539499878883362];[0.6680875420570374, 0.24182850122451782, 0.18296761810779572, 0.15103279054164886];0.156941756606102;0.953000009059906
154;0.01;0.5;3;[64, 16, 32, 10];10.928112030029297;[0.8187000155448914, 0.9262833595275879, 0.944183349609375, 0.9546666741371155];[0.5988003611564636, 0.25463446974754333, 0.1912553757429123, 0.15427882969379425];0.14259348809719086;0.9546999931335449
155;0.01;0.5;3;[64, 32, 16, 10];10.937571048736572;[0.8384166955947876, 0.9341833591461182, 0.9505833387374878, 0.9598833322525024];[0.5524057745933533, 0.22795426845550537, 0.170176699757576, 0.13814103603363037];0.15925723314285278;0.9527000188827515
156;0.01;0.6;3;[16, 32, 64, 10];8.918981552124023;[0.8082333207130432, 0.9209499955177307, 0.9347333312034607, 0.9436500072479248];[0.6130616068840027, 0.26967793703079224, 0.2190581113100052, 0.18816086649894714];0.16692614555358887;0.9491999745368958
157;0.01;0.6;3;[16, 64, 32, 10];9.26585602760315;[0.8188499808311462, 0.9215166568756104, 0.9362000226974487, 0.9457666873931885];[0.5911393761634827, 0.2663491666316986, 0.2132422924041748, 0.1827804297208786];0.17202235758304596;0.9502000212669373
158;0.01;0.6;3;[32, 16, 64, 10];9.556828737258911;[0.816349983215332, 0.9258166551589966, 0.9414666891098022, 0.9508833289146423];[0.579233705997467, 0.2515145242214203, 0.19436734914779663, 0.1648116558790207];0.15872859954833984;0.9516000151634216
159;0.01;0.6;3;[32, 64, 16, 10];9.60097050666809;[0.8139500021934509, 0.9318333268165588, 0.9469166398048401, 0.9544666409492493];[0.5954999327659607, 0.23342205584049225, 0.18214602768421173, 0.15279972553253174];0.14692214131355286;0.9546999931335449
160;0.01;0.6;3;[64, 16, 32, 10];11.765137910842896;[0.8330833315849304, 0.9358999729156494, 0.9527333378791809, 0.9623166918754578];[0.5494029521942139, 0.21996447443962097, 0.1612101048231125, 0.12953028082847595];0.12300027906894684;0.9617000222206116
161;0.01;0.6;3;[64, 32, 16, 10];11.509544134140015;[0.8362333178520203, 0.938966691493988, 0.9544833302497864, 0.9610833525657654];[0.5478023290634155, 0.20881545543670654, 0.15800736844539642, 0.12964153289794922];0.13124646246433258;0.9613999724388123
162;0.01;0.7;3;[16, 32, 64, 10];9.153255462646484;[0.8310499787330627, 0.9280333518981934, 0.940583348274231, 0.9465000033378601];[0.5483697056770325, 0.24610574543476105, 0.20208929479122162, 0.17613080143928528];0.167867973446846;0.948199987411499
163;0.01;0.7;3;[16, 64, 32, 10];9.56361198425293;[0.8383833169937134, 0.9298333525657654, 0.9416833519935608, 0.9491000175476074];[0.5293219685554504, 0.2376978099346161, 0.19603535532951355, 0.17061635851860046];0.1602908968925476;0.9538000226020813
164;0.01;0.7;3;[32, 16, 64, 10];10.417033672332764;[0.8461166620254517, 0.9369166493415833, 0.9524333477020264, 0.9595166444778442];[0.5045703053474426, 0.21255704760551453, 0.1603742390871048, 0.1348065435886383];0.1317596733570099;0.9589999914169312
165;0.01;0.7;3;[32, 64, 16, 10];10.353694677352905;[0.8169999718666077, 0.9333333373069763, 0.9500499963760376, 0.9595500230789185];[0.5934237837791443, 0.22628261148929596, 0.16896924376487732, 0.13910527527332306];0.1361939013004303;0.9585000276565552
166;0.01;0.7;3;[64, 16, 32, 10];10.896270751953125;[0.8576499819755554, 0.9462500214576721, 0.9594500064849854, 0.9662166833877563];[0.46332111954689026, 0.1820249855518341, 0.13556239008903503, 0.11170702427625656];0.11626303941011429;0.9649999737739563
167;0.01;0.7;3;[64, 32, 16, 10];11.720140218734741;[0.8546333312988281, 0.9436500072479248, 0.9586666822433472, 0.965666651725769];[0.48160499334335327, 0.19337818026542664, 0.14144110679626465, 0.1134759858250618];0.12714186310768127;0.961899995803833
168;0.01;0.8;3;[16, 32, 64, 10];9.323979139328003;[0.8489500284194946, 0.9323999881744385, 0.9442833065986633, 0.9502999782562256];[0.4798358678817749, 0.22319743037223816, 0.18443281948566437, 0.16201701760292053];0.16012921929359436;0.9527999758720398
169;0.01;0.8;3;[16, 64, 32, 10];9.826945304870605;[0.8593833446502686, 0.9318666458129883, 0.9444166421890259, 0.9517666697502136];[0.45606622099876404, 0.2281799018383026, 0.18523088097572327, 0.1594112515449524];0.17666690051555634;0.9459999799728394
170;0.01;0.8;3;[32, 16, 64, 10];10.421683073043823;[0.859749972820282, 0.940416693687439, 0.9531999826431274, 0.9613833427429199];[0.45988115668296814, 0.1991620510816574, 0.15360605716705322, 0.12649492919445038];0.12888118624687195;0.9603000283241272
171;0.01;0.8;3;[32, 64, 16, 10];11.210201978683472;[0.8712999820709229, 0.9420666694641113, 0.9542499780654907, 0.9617499709129333];[0.42905154824256897, 0.1924007534980774, 0.15109214186668396, 0.12517854571342468];0.14833572506904602;0.9555000066757202
172;0.01;0.8;3;[64, 16, 32, 10];12.445589780807495;[0.8857166767120361, 0.9511833190917969, 0.9647666811943054, 0.9705666899681091];[0.38726019859313965, 0.16324205696582794, 0.12079111486673355, 0.0984821617603302];0.1028500497341156;0.9668999910354614
173;0.01;0.8;3;[64, 32, 16, 10];12.068618535995483;[0.8718666434288025, 0.9490166902542114, 0.9618666768074036, 0.9691166877746582];[0.41961395740509033, 0.1707092970609665, 0.12650610506534576, 0.1015663668513298];0.10124275833368301;0.9675999879837036
174;0.01;0.9;3;[16, 32, 64, 10];10.651123285293579;[0.872083306312561, 0.9382833242416382, 0.9478333592414856, 0.9539166688919067];[0.4099225699901581, 0.20163974165916443, 0.17127260565757751, 0.1493380218744278];0.17104224860668182;0.9460999965667725
175;0.01;0.9;3;[16, 64, 32, 10];10.018132448196411;[0.876800000667572, 0.9365333318710327, 0.9484999775886536, 0.9543499946594238];[0.3987400531768799, 0.20926041901111603, 0.17006395757198334, 0.14973323047161102];0.14766275882720947;0.954200029373169
176;0.01;0.9;3;[32, 16, 64, 10];17.143383502960205;[0.8826166391372681, 0.9491666555404663, 0.958383321762085, 0.9648333191871643];[0.37667039036750793, 0.16918398439884186, 0.13669072091579437, 0.11711587756872177];0.12781231105327606;0.9591000080108643
177;0.01;0.9;3;[32, 64, 16, 10];13.7303626537323;[0.8895166516304016, 0.9501833319664001, 0.960099995136261, 0.9670166373252869];[0.35302072763442993, 0.16223053634166718, 0.12756086885929108, 0.10757356137037277];0.10939960926771164;0.9674000144004822
178;0.01;0.9;3;[64, 16, 32, 10];16.527456045150757;[0.895466685295105, 0.9570333361625671, 0.9666000008583069, 0.9733666777610779];[0.33703306317329407, 0.14148731529712677, 0.10850659012794495, 0.08777789026498795];0.09079018980264664;0.9713000059127808
179;0.01;0.9;3;[64, 32, 16, 10];13.797980546951294;[0.8991666436195374, 0.9561166763305664, 0.965583324432373, 0.9731000065803528];[0.3294922709465027, 0.14573752880096436, 0.11042513698339462, 0.0876205712556839];0.10856779664754868;0.9682000279426575
180;0.1;0.0;3;[16, 32, 64, 10];10.862587451934814;[0.8772500157356262, 0.9353833198547363, 0.945816695690155, 0.9516666531562805];[0.39502188563346863, 0.21096885204315186, 0.1765260398387909, 0.15518449246883392];0.14237265288829803;0.9564999938011169
181;0.1;0.0;3;[16, 64, 32, 10];10.919152736663818;[0.8788166642189026, 0.9381999969482422, 0.9470166563987732, 0.9521666765213013];[0.39744216203689575, 0.2093304842710495, 0.17617344856262207, 0.15747684240341187];0.1576046347618103;0.9513000249862671
182;0.1;0.0;3;[32, 16, 64, 10];11.879674434661865;[0.8855000138282776, 0.9487500190734863, 0.9589166641235352, 0.9639333486557007];[0.3684210181236267, 0.17036539316177368, 0.13638855516910553, 0.11878854781389236];0.12973295152187347;0.9592999815940857
183;0.1;0.0;3;[32, 64, 16, 10];12.30296778678894;[0.8879500031471252, 0.9510166645050049, 0.9621833562850952, 0.967283308506012];[0.36119750142097473, 0.16429921984672546, 0.12408705055713654, 0.10422836989164352];0.10783327370882034;0.9672999978065491
184;0.1;0.0;3;[64, 16, 32, 10];12.855652093887329;[0.8972833156585693, 0.9573000073432922, 0.9669333100318909, 0.9727500081062317];[0.3333342373371124, 0.14177745580673218, 0.10845758020877838, 0.08827158808708191];0.0928560346364975;0.9724000096321106
185;0.1;0.0;3;[64, 32, 16, 10];12.621549844741821;[0.8878666758537292, 0.95701664686203, 0.9678166508674622, 0.9731500148773193];[0.3586301803588867, 0.14515991508960724, 0.10754082351922989, 0.08846359699964523];0.10106877237558365;0.9696000218391418
186;0.1;0.1;3;[16, 32, 64, 10];10.720316886901855;[0.880816638469696, 0.939466655254364, 0.9484500288963318, 0.9531166553497314];[0.3856504261493683, 0.201050266623497, 0.16973456740379333, 0.15354719758033752];0.16927751898765564;0.9485999941825867
187;0.1;0.1;3;[16, 64, 32, 10];11.329467058181763;[0.8846666812896729, 0.9387500286102295, 0.950166642665863, 0.9566500186920166];[0.3699919581413269, 0.19876128435134888, 0.16259613633155823, 0.14366745948791504];0.14250078797340393;0.9538000226020813
188;0.1;0.1;3;[32, 16, 64, 10];12.679563045501709;[0.8901500105857849, 0.9519166946411133, 0.9601666927337646, 0.9656166434288025];[0.3495655953884125, 0.158446803689003, 0.130435049533844, 0.11100901663303375];0.1168203353881836;0.9631999731063843
189;0.1;0.1;3;[32, 64, 16, 10];13.287244081497192;[0.8957499861717224, 0.9527833461761475, 0.9622499942779541, 0.9673500061035156];[0.3420789837837219, 0.15869997441768646, 0.12617728114128113, 0.10804903507232666];0.1955598145723343;0.9409000277519226
190;0.1;0.1;3;[64, 16, 32, 10];14.590420722961426;[0.9011666774749756, 0.9586666822433472, 0.9673500061035156, 0.9736999869346619];[0.31840986013412476, 0.13744036853313446, 0.10593527555465698, 0.08716514706611633];0.11085032671689987;0.9668999910354614
191;0.1;0.1;3;[64, 32, 16, 10];14.77998423576355;[0.9037500023841858, 0.9588833451271057, 0.9681666493415833, 0.9739833474159241];[0.30970093607902527, 0.13511304557323456, 0.10334602743387222, 0.08427177369594574];0.11415068060159683;0.9650999903678894
192;0.1;0.2;3;[16, 32, 64, 10];13.129093885421753;[0.8822500109672546, 0.9365333318710327, 0.9470833539962769, 0.9533666372299194];[0.37477558851242065, 0.2072014957666397, 0.17370736598968506, 0.15584257245063782];0.1540314108133316;0.9523000121116638
193;0.1;0.2;3;[16, 64, 32, 10];11.657686471939087;[0.8855500221252441, 0.9408166408538818, 0.9491666555404663, 0.9546833038330078];[0.37029150128364563, 0.19756145775318146, 0.16748382151126862, 0.15063704550266266];0.19039824604988098;0.9435999989509583
194;0.1;0.2;3;[32, 16, 64, 10];12.82424259185791;[0.8884666562080383, 0.947700023651123, 0.9583500027656555, 0.9628666639328003];[0.3587026000022888, 0.1727452576160431, 0.1380591243505478, 0.12200247496366501];0.13202615082263947;0.9621999859809875
195;0.1;0.2;3;[32, 64, 16, 10];12.7083580493927;[0.8920666575431824, 0.9519666433334351, 0.9620833396911621, 0.9689000248908997];[0.3468188941478729, 0.1577162891626358, 0.12391643971204758, 0.1037026047706604];0.13084368407726288;0.9602000117301941
196;0.1;0.2;3;[64, 16, 32, 10];13.558847427368164;[0.9031833410263062, 0.9581999778747559, 0.9675999879837036, 0.9727166891098022];[0.3138274848461151, 0.1380828469991684, 0.10500779002904892, 0.08873187005519867];0.09936206042766571;0.9714000225067139
197;0.1;0.2;3;[64, 32, 16, 10];14.550836086273193;[0.9035333395004272, 0.9579833149909973, 0.9686833620071411, 0.9734166860580444];[0.3155520260334015, 0.13813233375549316, 0.10471983999013901, 0.08653035759925842];0.10861563682556152;0.9670000076293945
198;0.1;0.3;3;[16, 32, 64, 10];12.127992868423462;[0.8903666734695435, 0.9414166808128357, 0.9508333206176758, 0.9552333354949951];[0.35588833689689636, 0.19381530582904816, 0.16466304659843445, 0.14778929948806763];0.15562593936920166;0.953000009059906
199;0.1;0.3;3;[16, 64, 32, 10];13.512545585632324;[0.8840000033378601, 0.937749981880188, 0.9497833251953125, 0.9540833234786987];[0.3714662194252014, 0.20356011390686035, 0.16815589368343353, 0.1500522494316101];0.14219088852405548;0.9574999809265137
200;0.1;0.3;3;[32, 16, 64, 10];13.483617782592773;[0.9004666805267334, 0.9523000121116638, 0.9607499837875366, 0.9659833312034607];[0.3225163221359253, 0.16026578843593597, 0.13106530904769897, 0.1132088229060173];0.12697187066078186;0.9628000259399414
201;0.1;0.3;3;[32, 64, 16, 10];12.841997623443604;[0.9000166654586792, 0.9517499804496765, 0.9623166918754578, 0.9689000248908997];[0.3253933787345886, 0.16152848303318024, 0.12519486248493195, 0.10512017458677292];0.12766492366790771;0.9620000123977661
202;0.1;0.3;3;[64, 16, 32, 10];14.625463485717773;[0.9004999995231628, 0.9572666883468628, 0.9672999978065491, 0.9729499816894531];[0.32056906819343567, 0.14117032289505005, 0.10899638384580612, 0.09093883633613586];0.11073537915945053;0.9681000113487244
203;0.1;0.3;3;[64, 32, 16, 10];13.492767333984375;[0.9057000279426575, 0.9601500034332275, 0.9684000015258789, 0.9743000268936157];[0.3063501715660095, 0.13129352033138275, 0.10046270489692688, 0.08259981125593185];0.11690246313810349;0.9643999934196472
204;0.1;0.4;3;[16, 32, 64, 10];11.253990411758423;[0.8871666789054871, 0.9399833083152771, 0.9486500024795532, 0.9548500180244446];[0.3633669316768646, 0.20136161148548126, 0.1690664291381836, 0.1511077582836151];0.15612763166427612;0.9539999961853027
205;0.1;0.4;3;[16, 64, 32, 10];11.220109224319458;[0.8877999782562256, 0.9398000240325928, 0.949150025844574, 0.954800009727478];[0.36162111163139343, 0.20002241432666779, 0.16719172894954681, 0.1507108211517334];0.16796153783798218;0.9488999843597412
206;0.1;0.4;3;[32, 16, 64, 10];14.131022930145264;[0.8969500064849854, 0.9477166533470154, 0.9585333466529846, 0.9635999798774719];[0.33050328493118286, 0.1691448837518692, 0.13832788169384003, 0.11969756335020065];0.12159042060375214;0.9635999798774719
207;0.1;0.4;3;[32, 64, 16, 10];14.65510082244873;[0.8990166783332825, 0.9521666765213013, 0.9620500206947327, 0.9667500257492065];[0.3248075246810913, 0.16034507751464844, 0.12707072496414185, 0.11196139454841614];0.13562044501304626;0.9606000185012817
208;0.1;0.4;3;[64, 16, 32, 10];18.58582830429077;[0.911050021648407, 0.9590666890144348, 0.9682999849319458, 0.9728000164031982];[0.2899525463581085, 0.13697658479213715, 0.10486222058534622, 0.08738616853952408];0.12736116349697113;0.9638000130653381
209;0.1;0.4;3;[64, 32, 16, 10];14.067205667495728;[0.9037833213806152, 0.9583500027656555, 0.9669333100318909, 0.9746666550636292];[0.311278373003006, 0.13923338055610657, 0.10723523795604706, 0.08437784016132355];0.12580189108848572;0.9628000259399414
210;0.1;0.5;3;[16, 32, 64, 10];11.187355041503906;[0.8865666389465332, 0.939216673374176, 0.9479166865348816, 0.9521833062171936];[0.36338716745376587, 0.2039310187101364, 0.17388899624347687, 0.15702897310256958];0.21962253749370575;0.9284999966621399
211;0.1;0.5;3;[16, 64, 32, 10];11.2378511428833;[0.8920000195503235, 0.940500020980835, 0.9484666585922241, 0.9534833431243896];[0.3513164520263672, 0.19932615756988525, 0.17123572528362274, 0.15086324512958527];0.17206022143363953;0.9491000175476074
212;0.1;0.5;3;[32, 16, 64, 10];14.213418960571289;[0.8958333134651184, 0.9466666579246521, 0.9563000202178955, 0.9619500041007996];[0.3363535702228546, 0.17394021153450012, 0.14334557950496674, 0.12389570474624634];0.16035708785057068;0.9562000036239624
213;0.1;0.5;3;[32, 64, 16, 10];12.90407943725586;[0.9006166458129883, 0.9503833055496216, 0.9608666896820068, 0.9662500023841858];[0.32221364974975586, 0.16439443826675415, 0.1333857625722885, 0.11460365355014801];0.1362198442220688;0.958899974822998
214;0.1;0.5;3;[64, 16, 32, 10];14.03571605682373;[0.911300003528595, 0.958133339881897, 0.9674999713897705, 0.9722999930381775];[0.28962427377700806, 0.13977909088134766, 0.10835596174001694, 0.09181994944810867];0.10000735521316528;0.9710000157356262
215;0.1;0.5;3;[64, 32, 16, 10];15.80307912826538;[0.9120333194732666, 0.9586666822433472, 0.9679166674613953, 0.9731166958808899];[0.28650757670402527, 0.1366364061832428, 0.10712915658950806, 0.08908703923225403];0.11283863335847855;0.9689000248908997
216;0.1;0.6;3;[16, 32, 64, 10];13.21870231628418;[0.8867833614349365, 0.9330333471298218, 0.9439666867256165, 0.9487000107765198];[0.36580973863601685, 0.22270900011062622, 0.19010259211063385, 0.17468789219856262];0.16464807093143463;0.9513999819755554
217;0.1;0.6;3;[16, 64, 32, 10];12.965449571609497;[0.8820333480834961, 0.9310666918754578, 0.9400833249092102, 0.9448500275611877];[0.38084208965301514, 0.2322664111852646, 0.2041957676410675, 0.1858312487602234];0.174900621175766;0.9495000243186951
218;0.1;0.6;3;[32, 16, 64, 10];12.350495338439941;[0.9010833501815796, 0.9473000168800354, 0.9553333520889282, 0.9619166851043701];[0.3241334557533264, 0.17769578099250793, 0.15000243484973907, 0.1295754611492157];0.1591694951057434;0.9539999961853027
219;0.1;0.6;3;[32, 64, 16, 10];13.602502822875977;[0.9020833373069763, 0.9509000182151794, 0.9610166549682617, 0.9650166630744934];[0.32349395751953125, 0.1670738011598587, 0.13376609981060028, 0.11480452120304108];0.12322376668453217;0.9642000198364258
220;0.1;0.6;3;[64, 16, 32, 10];14.458417654037476;[0.9016000032424927, 0.9563166499137878, 0.965399980545044, 0.9700166583061218];[0.31525760889053345, 0.14746004343032837, 0.11682410538196564, 0.09756532311439514];0.11606784909963608;0.9652000069618225
221;0.1;0.6;3;[64, 32, 16, 10];14.790430307388306;[0.9059666395187378, 0.957966685295105, 0.9674666523933411, 0.9716500043869019];[0.30512139201164246, 0.14284998178482056, 0.11035588383674622, 0.09669981896877289];0.11870922893285751;0.965499997138977
222;0.1;0.7;3;[16, 32, 64, 10];12.257829904556274;[0.8882666826248169, 0.9324166774749756, 0.9402166604995728, 0.9444500207901001];[0.3710615932941437, 0.23540544509887695, 0.20517052710056305, 0.1915418803691864];0.21747693419456482;0.9427000284194946
223;0.1;0.7;3;[16, 64, 32, 10];11.205005407333374;[0.8883333206176758, 0.9335833191871643, 0.9409166574478149, 0.9450333118438721];[0.36772897839546204, 0.22970226407051086, 0.20459021627902985, 0.1932145208120346];0.19814634323120117;0.9434999823570251
224;0.1;0.7;3;[32, 16, 64, 10];13.5874183177948;[0.8985499739646912, 0.9455333352088928, 0.9546833038330078, 0.9601166844367981];[0.3324970006942749, 0.18626362085342407, 0.15839144587516785, 0.13841064274311066];0.15428657829761505;0.9580000042915344
225;0.1;0.7;3;[32, 64, 16, 10];14.237984418869019;[0.9005833268165588, 0.9497666954994202, 0.9574999809265137, 0.9642833471298218];[0.32616597414016724, 0.1722184717655182, 0.1440337598323822, 0.12366074323654175];0.12556710839271545;0.9632999897003174
226;0.1;0.7;3;[64, 16, 32, 10];14.352448463439941;[0.9078666567802429, 0.956250011920929, 0.9643999934196472, 0.9700333476066589];[0.3059544563293457, 0.14963622391223907, 0.12079401314258575, 0.10420907288789749];0.1092890128493309;0.968999981880188
227;0.1;0.7;3;[64, 32, 16, 10];14.67323088645935;[0.9074833393096924, 0.9545833468437195, 0.963699996471405, 0.9701166749000549];[0.30624693632125854, 0.1591123640537262, 0.1250244379043579, 0.10356120765209198];0.12644411623477936;0.9648000001907349
228;0.1;0.8;3;[16, 32, 64, 10];11.831337928771973;[0.8850333094596863, 0.9277666807174683, 0.9357666373252869, 0.9376166462898254];[0.39479872584342957, 0.26050448417663574, 0.23786558210849762, 0.2234158217906952];0.21642744541168213;0.9413999915122986
229;0.1;0.8;3;[16, 64, 32, 10];11.997708320617676;[0.875333309173584, 0.9247000217437744, 0.9325500130653381, 0.9364833235740662];[0.4229772388935089, 0.2728053629398346, 0.2477622926235199, 0.235648974776268];0.23523756861686707;0.9333999752998352
230;0.1;0.8;3;[32, 16, 64, 10];13.074907064437866;[0.8903666734695435, 0.9377999901771545, 0.9482333064079285, 0.9539833068847656];[0.3700748085975647, 0.22190120816230774, 0.18967968225479126, 0.17106379568576813];0.17459668219089508;0.9509999752044678
231;0.1;0.8;3;[32, 64, 16, 10];12.56253433227539;[0.9016166925430298, 0.9467999935150146, 0.9548666477203369, 0.9610333442687988];[0.33576783537864685, 0.19462308287620544, 0.16651713848114014, 0.14513424038887024];0.1578078269958496;0.9595999717712402
232;0.1;0.8;3;[64, 16, 32, 10];13.769705057144165;[0.906583309173584, 0.9541000127792358, 0.9628999829292297, 0.9669333100318909];[0.3156755566596985, 0.16641423106193542, 0.13732756674289703, 0.11792968958616257];0.13953609764575958;0.9635999798774719
233;0.1;0.8;3;[64, 32, 16, 10];13.792494058609009;[0.9068499803543091, 0.9515500068664551, 0.9605000019073486, 0.9663000106811523];[0.3223991096019745, 0.1749819815158844, 0.14539453387260437, 0.12465081363916397];0.16401095688343048;0.9645000100135803
234;0.1;0.9;3;[16, 32, 64, 10];11.429722785949707;[0.8134499788284302, 0.6668333411216736, 0.4179166555404663, 0.41733333468437195];[0.6804767847061157, 1.0509477853775024, 1.4795044660568237, 1.4639147520065308];1.5368865728378296;0.350600004196167
235;0.1;0.9;3;[16, 64, 32, 10];10.98425555229187;[0.7739166617393494, 0.8474666476249695, 0.538266658782959, 0.2200833261013031];[0.7195446491241455, 0.6086931228637695, 1.3258793354034424, 2.033090829849243];1.9420214891433716;0.24330000579357147
236;0.1;0.9;3;[32, 16, 64, 10];12.068787336349487;[0.84006667137146, 0.7165666818618774, 0.44734999537467957, 0.26135000586509705];[0.5915719270706177, 0.8894482851028442, 1.391034483909607, 1.8416050672531128];1.90952730178833;0.2320999950170517
237;0.1;0.9;3;[32, 64, 16, 10];12.854644775390625;[0.8584833145141602, 0.9121833443641663, 0.923383355140686, 0.9253000020980835];[0.5213420391082764, 0.36832013726234436, 0.31995686888694763, 0.31158342957496643];0.30745211243629456;0.9225000143051147
238;0.1;0.9;3;[64, 16, 32, 10];13.029521942138672;[0.8655333518981934, 0.9255666732788086, 0.9226166605949402, 0.38190001249313354];[0.49158334732055664, 0.30828559398651123, 0.336117684841156, 1.6979204416275024];2.30602765083313;0.10100000351667404
239;0.1;0.9;3;[64, 32, 16, 10];13.285659790039062;[0.8710833191871643, 0.9184166789054871, 0.8884999752044678, 0.3034999966621399];[0.48033764958381653, 0.35403087735176086, 0.4291132390499115, 1.8161823749542236];1.8616933822631836;0.21060000360012054
240;1.0;0.0;3;[16, 32, 64, 10];11.2401282787323;[0.18098333477973938, 0.2027333378791809, 0.19589999318122864, 0.12780000269412994];[2.0958516597747803, 2.014530897140503, 2.044119119644165, 2.2474653720855713];2.3049001693725586;0.10279999673366547
241;1.0;0.0;3;[16, 64, 32, 10];11.446336030960083;[0.18636666238307953, 0.10499999672174454, 0.10341666638851166, 0.10533333569765091];[2.0612988471984863, 2.3078558444976807, 2.3086249828338623, 2.308912515640259];2.307589054107666;0.0982000008225441
242;1.0;0.0;3;[32, 16, 64, 10];12.565026044845581;[0.10525000095367432, 0.10306666791439056, 0.10623333603143692, 0.10426666587591171];[2.3086369037628174, 2.3083784580230713, 2.3084542751312256, 2.3084559440612793];2.3075993061065674;0.10320000350475311
243;1.0;0.0;3;[32, 64, 16, 10];12.244094133377075;[0.16664999723434448, 0.10294999927282333, 0.10373333096504211, 0.10689999908208847];[2.1643576622009277, 2.3087973594665527, 2.308758497238159, 2.3083858489990234];2.3089559078216553;0.0957999974489212
244;1.0;0.0;3;[64, 16, 32, 10];12.866740942001343;[0.10201666504144669, 0.10384999960660934, 0.10194999724626541, 0.10463333129882812];[2.3103435039520264, 2.30841326713562, 2.3085432052612305, 2.3085806369781494];2.3167245388031006;0.11349999904632568
245;1.0;0.0;3;[64, 32, 16, 10];11.974567413330078;[0.23988333344459534, 0.14836665987968445, 0.10623333603143692, 0.10456666350364685];[1.9917913675308228, 3.496269702911377, 2.307905435562134, 2.308593988418579];2.3103158473968506;0.10279999673366547
246;1.0;0.1;3;[16, 32, 64, 10];12.43052363395691;[0.10869999974966049, 0.10260000079870224, 0.10403333604335785, 0.10691666603088379];[2.3071587085723877, 2.310180425643921, 2.3095288276672363, 2.3089029788970947];2.3166630268096924;0.0957999974489212
247;1.0;0.1;3;[16, 64, 32, 10];11.041031837463379;[0.1471666693687439, 0.10281666368246078, 0.10331666469573975, 0.10326666384935379];[2.227299213409424, 2.309612989425659, 2.309032440185547, 2.3093981742858887];2.310819625854492;0.09740000218153
248;1.0;0.1;3;[32, 16, 64, 10];13.788496732711792;[0.10904999822378159, 0.10346666723489761, 0.10368333011865616, 0.10279999673366547];[2.3032329082489014, 2.3091542720794678, 2.3095650672912598, 2.309624433517456];2.3108277320861816;0.11349999904632568
249;1.0;0.1;3;[32, 64, 16, 10];12.686005353927612;[0.10655000060796738, 0.10241666436195374, 0.10215000063180923, 0.10384999960660934];[2.3086328506469727, 2.3095860481262207, 2.3098363876342773, 2.30922532081604];2.3024682998657227;0.11349999904632568
250;1.0;0.1;3;[64, 16, 32, 10];13.333388805389404;[0.10474999994039536, 0.10440000146627426, 0.10311666876077652, 0.10284999758005142];[2.3129055500030518, 2.3093011379241943, 2.3092761039733887, 2.309805393218994];2.3060975074768066;0.11349999904632568
251;1.0;0.1;3;[64, 32, 16, 10];14.667501211166382;[0.10499999672174454, 0.1028333306312561, 0.10480000078678131, 0.10423333197832108];[2.3210372924804688, 2.309757709503174, 2.3093409538269043, 2.309587001800537];2.3078131675720215;0.10279999673366547
252;1.0;0.2;3;[16, 32, 64, 10];11.886937379837036;[0.10251666605472565, 0.1046999990940094, 0.10196666419506073, 0.10350000113248825];[2.3163998126983643, 2.3096601963043213, 2.3107666969299316, 2.3107314109802246];2.3051583766937256;0.11349999904632568
253;1.0;0.2;3;[16, 64, 32, 10];13.81137990951538;[0.10801666975021362, 0.10458333045244217, 0.101583331823349, 0.1014999970793724];[2.3074941635131836, 2.309696912765503, 2.3106703758239746, 2.3106093406677246];2.3083863258361816;0.11349999904632568
254;1.0;0.2;3;[32, 16, 64, 10];15.336176872253418;[0.10323332995176315, 0.10248333215713501, 0.1029166653752327, 0.1041666641831398];[2.311487913131714, 2.310401201248169, 2.3105335235595703, 2.3103251457214355];2.3105063438415527;0.11349999904632568
255;1.0;0.2;3;[32, 64, 16, 10];15.540709972381592;[0.10368333011865616, 0.10403333604335785, 0.10406666994094849, 0.1042499989271164];[2.3113303184509277, 2.310087203979492, 2.3107357025146484, 2.3097383975982666];2.310020923614502;0.0982000008225441
256;1.0;0.2;3;[64, 16, 32, 10];16.22717261314392;[0.10384999960660934, 0.1031000018119812, 0.10468333214521408, 0.10360000282526016];[84717.875, 2.3100929260253906, 2.310438871383667, 2.3104124069213867];2.305630683898926;0.10090000182390213
257;1.0;0.2;3;[64, 32, 16, 10];15.236008644104004;[0.10521666705608368, 0.10351666808128357, 0.10554999858140945, 0.10236666351556778];[2.3119451999664307, 2.310690402984619, 2.3099558353424072, 2.3110170364379883];2.306090831756592;0.10100000351667404
258;1.0;0.3;3;[16, 32, 64, 10];11.823255062103271;[0.20333333313465118, 0.1172500029206276, 0.10090000182390213, 0.10270000249147415];[2.04010009765625, 2.2750911712646484, 2.3125078678131104, 2.3116538524627686];2.3079559803009033;0.11349999904632568
259;1.0;0.3;3;[16, 64, 32, 10];12.648983240127563;[0.10538333654403687, 0.1048833355307579, 0.1033666655421257, 0.1039833351969719];[2.3119568824768066, 2.3111631870269775, 2.311685085296631, 2.3111844062805176];2.31146240234375;0.10279999673366547
260;1.0;0.3;3;[32, 16, 64, 10];14.57883334159851;[0.1036333367228508, 0.10438333451747894, 0.10260000079870224, 0.10356666892766953];[2.3137307167053223, 2.3115038871765137, 2.31197190284729, 2.3115968704223633];2.304816484451294;0.11349999904632568
261;1.0;0.3;3;[32, 64, 16, 10];15.318655729293823;[0.11303333193063736, 0.10261666774749756, 0.10260000079870224, 0.10300000011920929];[2.295332193374634, 2.3125622272491455, 2.311399221420288, 2.3114192485809326];2.310615062713623;0.09799999743700027
262;1.0;0.3;3;[64, 16, 32, 10];15.687784194946289;[0.10571666806936264, 0.10341666638851166, 0.1014999970793724, 0.10498332977294922];[2.3114144802093506, 2.3116512298583984, 2.3121790885925293, 2.311143636703491];2.3091964721679688;0.11349999904632568
263;1.0;0.3;3;[64, 32, 16, 10];15.338313579559326;[0.10414999723434448, 0.10244999825954437, 0.10226666927337646, 0.10366666316986084];[1323000659968.0, 2.312255382537842, 2.311305284500122, 2.3115458488464355];2.317532539367676;0.0982000008225441
264;1.0;0.4;3;[16, 32, 64, 10];12.303444147109985;[0.2006833404302597, 0.1992499977350235, 0.1956000030040741, 0.20131666958332062];[2.0513253211975098, 2.055478572845459, 2.0610523223876953, 2.048011302947998];2.01356840133667;0.21089999377727509
265;1.0;0.4;3;[16, 64, 32, 10];13.71028208732605;[0.11516666412353516, 0.10040000081062317, 0.10191666334867477, 0.10215000063180923];[2.295975923538208, 2.31369686126709, 2.3134968280792236, 2.3138580322265625];2.3165395259857178;0.10100000351667404
266;1.0;0.4;3;[32, 16, 64, 10];13.30636191368103;[0.10121666640043259, 0.102033331990242, 0.10114999860525131, 0.10384999960660934];[2.3208305835723877, 2.313716173171997, 2.3134572505950928, 2.3137576580047607];2.3174383640289307;0.09799999743700027
267;1.0;0.4;3;[32, 64, 16, 10];12.957212924957275;[0.10378333181142807, 0.1051499992609024, 0.10358333587646484, 0.10261666774749756];[2.311920404434204, 2.3130204677581787, 2.3136324882507324, 2.313281536102295];2.3193161487579346;0.10279999673366547
268;1.0;0.4;3;[64, 16, 32, 10];13.892295837402344;[0.1014999970793724, 0.10278332978487015, 0.10438333451747894, 0.10358333587646484];[2.3155744075775146, 2.3131444454193115, 2.313311815261841, 2.312953233718872];2.3126814365386963;0.09799999743700027
269;1.0;0.4;3;[64, 32, 16, 10];14.471597671508789;[0.10320000350475311, 0.10294999927282333, 0.10558333247900009, 0.10373333096504211];[2.3135623931884766, 2.313288688659668, 2.3124372959136963, 2.3137640953063965];2.308882474899292;0.10100000351667404
270;1.0;0.5;3;[16, 32, 64, 10];13.100183010101318;[0.1044333353638649, 0.10374999791383743, 0.10225000232458115, 0.10306666791439056];[2.3152923583984375, 2.3153584003448486, 2.3154098987579346, 2.3154356479644775];2.320234775543213;0.09740000218153
271;1.0;0.5;3;[16, 64, 32, 10];12.801661491394043;[0.10306666791439056, 0.10278332978487015, 0.10136666893959045, 0.10423333197832108];[2.320028066635132, 2.3162710666656494, 2.3157925605773926, 2.315472364425659];2.319411039352417;0.11349999904632568
272;1.0;0.5;3;[32, 16, 64, 10];13.033003091812134;[0.10106666386127472, 0.10148333013057709, 0.10186666995286942, 0.10136666893959045];[2.321012258529663, 2.3159239292144775, 2.3158445358276367, 2.3161559104919434];2.305544137954712;0.10279999673366547
273;1.0;0.5;3;[32, 64, 16, 10];12.742438554763794;[0.1028333306312561, 0.10140000283718109, 0.10396666824817657, 0.10034999996423721];[2.316803216934204, 2.3164820671081543, 2.3159682750701904, 2.315486431121826];2.320401430130005;0.10279999673366547
274;1.0;0.5;3;[64, 16, 32, 10];14.2135591506958;[0.10506666451692581, 0.10213333368301392, 0.10463333129882812, 0.10153333097696304];[2.3175461292266846, 2.315901279449463, 2.315608024597168, 2.3155457973480225];2.3157577514648438;0.11349999904632568
275;1.0;0.5;3;[64, 32, 16, 10];13.704448461532593;[0.10223333537578583, 0.10270000249147415, 0.10393333435058594, 0.10360000282526016];[2.3222341537475586, 2.315976142883301, 2.3157529830932617, 2.3148555755615234];2.3144445419311523;0.10320000350475311
276;1.0;0.6;3;[16, 32, 64, 10];11.222585916519165;[0.11061666905879974, 0.10128333419561386, 0.10011667013168335, 0.10038333386182785];[2.305508852005005, 2.319949150085449, 2.3201448917388916, 2.320051670074463];2.317040205001831;0.08919999748468399
277;1.0;0.6;3;[16, 64, 32, 10];10.947065353393555;[0.10734999924898148, 0.10231667011976242, 0.10098333656787872, 0.10331666469573975];[2.3195438385009766, 2.320319414138794, 2.3200299739837646, 2.318869113922119];2.3181073665618896;0.0957999974489212
278;1.0;0.6;3;[32, 16, 64, 10];12.525087118148804;[0.10248333215713501, 0.10271666944026947, 0.1013166680932045, 0.10298333317041397];[2.3252968788146973, 2.3190057277679443, 2.3198070526123047, 2.319573402404785];2.3071351051330566;0.10100000351667404
279;1.0;0.6;3;[32, 64, 16, 10];13.798333406448364;[0.10323332995176315, 0.10328333079814911, 0.10180000215768814, 0.10225000232458115];[2.323509454727173, 2.3186535835266113, 2.319854974746704, 2.3188369274139404];2.3269436359405518;0.10279999673366547
280;1.0;0.6;3;[64, 16, 32, 10];14.763628959655762;[0.10368333011865616, 0.10239999741315842, 0.10225000232458115, 0.10433333367109299];[2.40126633644104, 2.3200137615203857, 2.320125102996826, 2.318552017211914];2.3060011863708496;0.0982000008225441
281;1.0;0.6;3;[64, 32, 16, 10];15.066505908966064;[0.10518333315849304, 0.1036333367228508, 0.10208333283662796, 0.10181666910648346];[2.3174402713775635, 2.318903923034668, 2.3196523189544678, 2.319305419921875];2.333853244781494;0.10279999673366547
282;1.0;0.7;3;[16, 32, 64, 10];13.185338020324707;[0.10293333232402802, 0.10261666774749756, 0.10521666705608368, 0.10436666756868362];[2.3262569904327393, 2.3253395557403564, 2.3238887786865234, 2.3251349925994873];2.321143865585327;0.11349999904632568
283;1.0;0.7;3;[16, 64, 32, 10];11.715968370437622;[0.10374999791383743, 0.10055000334978104, 0.10356666892766953, 0.10128333419561386];[2.324911117553711, 2.325543165206909, 2.3235278129577637, 2.326110601425171];2.331401824951172;0.11349999904632568
284;1.0;0.7;3;[32, 16, 64, 10];12.536117553710938;[0.10189999639987946, 0.09966666996479034, 0.10143333673477173, 0.1035500019788742];[2.3264212608337402, 2.32560396194458, 2.3247833251953125, 2.325463056564331];2.31884503364563;0.08919999748468399
285;1.0;0.7;3;[32, 64, 16, 10];11.86183786392212;[0.10326666384935379, 0.10196666419506073, 0.10156666487455368, 0.10236666351556778];[2.32542085647583, 2.3248910903930664, 2.32563853263855, 2.3258845806121826];2.3299012184143066;0.09740000218153
286;1.0;0.7;3;[64, 16, 32, 10];12.937246084213257;[0.10208333283662796, 0.10253333300352097, 0.10076666623353958, 0.10011667013168335];[2.3322784900665283, 2.3257367610931396, 2.326296091079712, 2.3252546787261963];2.3485589027404785;0.09799999743700027
287;1.0;0.7;3;[64, 32, 16, 10];14.248594045639038;[0.10306666791439056, 0.10369999706745148, 0.10251666605472565, 0.0997999981045723];[3.4104950428009033, 2.3248846530914307, 2.3253276348114014, 2.324673652648926];2.3120546340942383;0.10320000350475311
288;1.0;0.8;3;[16, 32, 64, 10];11.453042030334473;[0.10386666655540466, 0.10328333079814911, 0.10130000114440918, 0.09993333369493484];[2.3387722969055176, 2.3376898765563965, 2.3387327194213867, 2.337803363800049];2.3698110580444336;0.10100000351667404
289;1.0;0.8;3;[16, 64, 32, 10];10.645338773727417;[0.10480000078678131, 0.10135000199079514, 0.10463333129882812, 0.1026500016450882];[2.337341785430908, 2.3367791175842285, 2.337610960006714, 2.3358702659606934];2.3152637481689453;0.0957999974489212
290;1.0;0.8;3;[32, 16, 64, 10];11.652408123016357;[0.102033331990242, 0.10066666454076767, 0.10289999842643738, 0.09948333352804184];[2.3528025150299072, 2.3376455307006836, 2.336623191833496, 2.3372364044189453];2.330591917037964;0.09740000218153
291;1.0;0.8;3;[32, 64, 16, 10];11.180225849151611;[0.10170000046491623, 0.10014999657869339, 0.10270000249147415, 0.10145000368356705];[2.3396153450012207, 2.338193416595459, 2.3376543521881104, 2.3401050567626953];2.3358616828918457;0.11349999904632568
292;1.0;0.8;3;[64, 16, 32, 10];12.181669473648071;[0.10046666860580444, 0.10189999639987946, 0.10074999928474426, 0.1042499989271164];[2.3390066623687744, 2.3387858867645264, 2.3387062549591064, 2.336331844329834];2.3190395832061768;0.10279999673366547
293;1.0;0.8;3;[64, 32, 16, 10];11.845552682876587;[0.10591666400432587, 0.10121666640043259, 0.10358333587646484, 0.10095000267028809];[2.3390183448791504, 2.3364923000335693, 2.334930658340454, 2.3365633487701416];2.3199427127838135;0.09799999743700027
294;1.0;0.9;3;[16, 32, 64, 10];9.874811887741089;[0.10258333384990692, 0.10130000114440918, 0.0992666631937027, 0.10126666724681854];[2.3803088665008545, 2.373349189758301, 2.380621910095215, 2.377183675765991];2.3855834007263184;0.10090000182390213
295;1.0;0.9;3;[16, 64, 32, 10];10.473480463027954;[0.10148333013057709, 0.10048333555459976, 0.09969999641180038, 0.10303333401679993];[2.3906867504119873, 2.371990919113159, 2.3705973625183105, 2.3768117427825928];2.339195728302002;0.09740000218153
296;1.0;0.9;3;[32, 16, 64, 10];12.293255090713501;[0.10226666927337646, 0.10189999639987946, 0.10125000029802322, 0.1023000031709671];[2.3822062015533447, 2.3784408569335938, 2.371936559677124, 2.3748722076416016];2.4430086612701416;0.10320000350475311
297;1.0;0.9;3;[32, 64, 16, 10];12.454556703567505;[0.10356666892766953, 0.1021166667342186, 0.10041666775941849, 0.0986500009894371];[2.381998062133789, 2.3746607303619385, 2.3752529621124268, 2.3807756900787354];2.3702783584594727;0.10320000350475311
298;1.0;0.9;3;[64, 16, 32, 10];12.459253787994385;[0.10423333197832108, 0.10328333079814911, 0.10316666960716248, 0.1023833304643631];[816.4632568359375, 2.3715789318084717, 2.3717353343963623, 2.3707151412963867];2.324519395828247;0.09799999743700027
299;1.0;0.9;3;[64, 32, 16, 10];13.810299158096313;[0.10071666538715363, 0.10315000265836716, 0.10289999842643738, 0.10313333570957184];[3925489920.0, 2.3759565353393555, 2.377284288406372, 2.3731396198272705];2.4214963912963867;0.11349999904632568
